{
  "hash": "5a7f67da",
  "configHash": "b58f7cdb",
  "lockfileHash": "f763549c",
  "browserHash": "2d3c096f",
  "optimized": {
    "@angular/common": {
      "src": "../../../../../node_modules/@angular/common/fesm2022/common.mjs",
      "file": "@angular_common.js",
      "fileHash": "f8799a1f",
      "needsInterop": false
    },
    "@angular/common/http": {
      "src": "../../../../../node_modules/@angular/common/fesm2022/http.mjs",
      "file": "@angular_common_http.js",
      "fileHash": "768eb361",
      "needsInterop": false
    },
    "@angular/core": {
      "src": "../../../../../node_modules/@angular/core/fesm2022/core.mjs",
      "file": "@angular_core.js",
      "fileHash": "6a665df6",
      "needsInterop": false
    },
    "@angular/forms": {
      "src": "../../../../../node_modules/@angular/forms/fesm2022/forms.mjs",
      "file": "@angular_forms.js",
      "fileHash": "0752772e",
      "needsInterop": false
    },
    "@angular/material/form-field": {
      "src": "../../../../../node_modules/@angular/material/fesm2022/form-field.mjs",
      "file": "@angular_material_form-field.js",
      "fileHash": "d84e991e",
      "needsInterop": false
    },
    "@angular/material/icon": {
      "src": "../../../../../node_modules/@angular/material/fesm2022/icon.mjs",
      "file": "@angular_material_icon.js",
      "fileHash": "e75d18f5",
      "needsInterop": false
    },
    "@angular/material/input": {
      "src": "../../../../../node_modules/@angular/material/fesm2022/input.mjs",
      "file": "@angular_material_input.js",
      "fileHash": "c97cf46a",
      "needsInterop": false
    },
    "@angular/platform-browser": {
      "src": "../../../../../node_modules/@angular/platform-browser/fesm2022/platform-browser.mjs",
      "file": "@angular_platform-browser.js",
      "fileHash": "b8c99015",
      "needsInterop": false
    },
    "@angular/router": {
      "src": "../../../../../node_modules/@angular/router/fesm2022/router.mjs",
      "file": "@angular_router.js",
      "fileHash": "8c25a8b2",
      "needsInterop": false
    },
    "@angular/material/paginator": {
      "src": "../../../../../node_modules/@angular/material/fesm2022/paginator.mjs",
      "file": "@angular_material_paginator.js",
      "fileHash": "43abf921",
      "needsInterop": false
    },
    "@angular/material/table": {
      "src": "../../../../../node_modules/@angular/material/fesm2022/table.mjs",
      "file": "@angular_material_table.js",
      "fileHash": "56ff9274",
      "needsInterop": false
    },
    "@angular/material/dialog": {
      "src": "../../../../../node_modules/@angular/material/fesm2022/dialog.mjs",
      "file": "@angular_material_dialog.js",
      "fileHash": "a481b10b",
      "needsInterop": false
    },
    "@angular/platform-browser/animations": {
      "src": "../../../../../node_modules/@angular/platform-browser/fesm2022/animations.mjs",
      "file": "@angular_platform-browser_animations.js",
      "fileHash": "f68dbe51",
      "needsInterop": false
    }
  },
  "chunks": {
    "chunk-KOCQ3MZ2": {
      "file": "chunk-KOCQ3MZ2.js"
    },
    "chunk-WNPZUTQ2": {
      "file": "chunk-WNPZUTQ2.js"
    },
    "chunk-MJGKZOJR": {
      "file": "chunk-MJGKZOJR.js"
    },
    "chunk-5PE65P4T": {
      "file": "chunk-5PE65P4T.js"
    },
    "chunk-CBMW7LXD": {
      "file": "chunk-CBMW7LXD.js"
    },
    "chunk-URNAQS4B": {
      "file": "chunk-URNAQS4B.js"
    },
    "chunk-66TYESTL": {
      "file": "chunk-66TYESTL.js"
    },
    "chunk-7DGLFJVF": {
      "file": "chunk-7DGLFJVF.js"
    },
    "chunk-DQR34ZPS": {
      "file": "chunk-DQR34ZPS.js"
    },
    "chunk-P7PXFG7V": {
      "file": "chunk-P7PXFG7V.js"
    }
  }
}